{
  "training": {
    "accuracy": 0.8181818181818182,
    "precision": 0.8181818181818182,
    "recall": 0.8181818181818182,
    "f1_score": 0.8181818181818182,
    "roc_auc": 0.9209558823529411
  },
  "validation": {
    "accuracy": 0.6666666666666666,
    "precision": 0.8333333333333334,
    "recall": 0.6666666666666666,
    "f1_score": 0.6666666666666666,
    "roc_auc": 0.75
  }
}