sequence_id,description,sequence,length,gc_content
seq1,seq1,ATGCGTACGTAGCTAGCTAG,0.707106781186545,0.7071067811865495
seq2,seq2,CGTAGCTAGCATCGATCGAT,0.707106781186545,0.7071067811865495
seq3,seq3,GGGAAAATTTCCCGGGAAA,-1.4142135623730976,-1.4142135623730931
