{
  "training": {
    "accuracy": 0.8214285714285714,
    "precision": 0.8230769230769232,
    "recall": 0.8214285714285714,
    "f1_score": 0.8212005108556834,
    "roc_auc": 0.8928571428571429
  },
  "validation": {
    "accuracy": 0.75,
    "precision": 0.8333333333333333,
    "recall": 0.75,
    "f1_score": 0.7333333333333334,
    "roc_auc": 0.75
  }
}