{
  "training": {
    "accuracy": 0.8529411764705882,
    "precision": 0.8541666666666667,
    "recall": 0.8529411764705882,
    "f1_score": 0.8528138528138528,
    "roc_auc": 0.9134948096885813
  },
  "validation": {
    "accuracy": 1.0,
    "precision": 1.0,
    "recall": 1.0,
    "f1_score": 1.0,
    "roc_auc": 1.0
  }
}